[
  {
    "query": "hi",
    "response": "Hi! 👋  How can I help with your travel plans?",
    "timestamp": "2025-04-27T20:05:49.911Z",
    "responseType": "concise"
  },
  {
    "query": "Tell me about the reviews of Iphone 15",
    "response": "Bhai main nahi bataunga 😎",
    "timestamp": "2025-04-27T20:06:17.888Z",
    "responseType": "concise"
  },
  {
    "query": "Tell me about the reviews of Iphone 15",
    "response": "The iPhone 15 generally receives positive reviews, praising its improved camera system, particularly the 48MP main camera and enhanced low-light performance.  Users also appreciate the dynamic island and the A16 Bionic chip's performance. However, some have noted concerns about battery life and the price point.\r\n\r\nHere's a more detailed look:\r\n\r\n* **Camera:** 📸 The upgraded 48MP main camera is a significant improvement, delivering sharper images and better low-light performance.  The telephoto lens on the Pro models offers impressive zoom capabilities.\r\n* **Performance:** 🚀 The A16 Bionic chip (or A17 Pro on the Pro models) ensures smooth multitasking and handles demanding apps with ease.  Gaming performance is also top-notch.\r\n* **Display:** ✨ The dynamic island, introduced with the iPhone 14 Pro, continues to be a useful and engaging feature, providing intuitive notifications and interactions.  The always-on display on the Pro models is also a welcome addition.\r\n* **Battery Life:** 🔋 While performance is excellent, some users report slightly reduced battery life compared to the iPhone 14. This seems to be more prevalent on the base model.\r\n* **Price:** 💰 The iPhone 15 remains a premium device, and the Pro models command a higher price tag. Consider if the upgrades justify the cost compared to older models or competitor devices.\r\n* **Reliability:** 🛡️ Apple devices are generally known for their reliability and build quality. The iPhone 15 continues this trend, with a solid feel and durable construction.\r\n* **Common User Experiences:** Most users praise the camera quality, performance, and sleek design.  Some criticisms include battery life concerns, particularly on the standard model, and the price.\r\n\r\n**Comparison with iPhone 14:**\r\n\r\n* **iPhone 15:** Better main camera, A16 Bionic Chip, dynamic island, slightly lower battery life in some cases.\r\n* **iPhone 14:** Lower price point, slightly better battery life in some cases, older processor.\r\n\r\n**Recommendation:** 👍 If you're upgrading from an older iPhone (pre-iPhone 13), the iPhone 15 is a worthwhile upgrade with its improved camera and performance. If you have an iPhone 14, the upgrade might not be as compelling unless you prioritize the improved camera and dynamic island.  If you're considering the Pro models, the A17 Pro chip and enhanced camera features are significant improvements, but come at a higher cost. Consider your budget and needs before making a purchase.",
    "timestamp": "2025-04-27T20:08:34.869Z",
    "responseType": "concise"
  },
  {
    "query": "What are the best headphones under 10000 rupees?",
    "response": "Headphones under ₹10,000 offer a wide range of choices, from noise-canceling to audiophile options.  Key factors to consider include sound quality, comfort, features like Bluetooth and noise cancellation, and battery life for wireless models.\r\n\r\nHere's a more detailed breakdown:\r\n\r\n* **Sound Quality:** 🎶  Look for headphones with balanced audio, clear vocals, and a good soundstage. Consider your preferred music genres when choosing.\r\n* **Comfort:** ðŸ˜ƒ  Check for comfortable earcups and headband padding, especially for extended listening sessions. Over-ear headphones generally offer better comfort than on-ear ones.\r\n* **Features:** 🤖 Features like Bluetooth, active noise cancellation (ANC), and a built-in microphone can enhance your listening experience. Decide which features are essential for you.\r\n* **Battery Life (Wireless):** ðŸ”‹ For wireless headphones, a longer battery life is crucial. Look for models offering at least 20 hours of playback on a single charge.\r\n* **Reliability & Build Quality:** ðŸ›¡ï¸ Choose headphones from reputable brands with good build quality to ensure they last longer.\r\n* **Price:** ðŸ’° While the budget is ₹10,000, consider whether a lower-priced model might suffice your needs.\r\n\r\n**Some Popular Options & Comparisons (prices may vary):**\r\n\r\n* **Sony WH-CH720N:**  Excellent noise cancellation, comfortable, long battery life, balanced sound.  Great value for money.\r\n* **Sennheiser HD 450SE:**  Good noise cancellation, comfortable, decent sound quality.  A good option if you prioritize comfort and ANC.\r\n* **JBL Tune 770NC:**  Bass-heavy sound signature, good noise cancellation, long battery life. Suitable for bass lovers.\r\n* **Audio-Technica ATH-M50x:** (Wired) Excellent sound quality, durable build, comfortable. A classic choice for audiophiles. Note: no Bluetooth or ANC.\r\n\r\n**Pros & Cons of Common Types:**\r\n\r\n* **Over-Ear:** 👍 Better comfort, soundstage, and noise isolation. 👎 Can be bulky.\r\n* **On-Ear:** 👍 More portable. 👎 Less comfortable for long periods, less noise isolation.\r\n* **Wireless:** 👍 Freedom of movement. 👎 Requires charging, potential latency issues.\r\n* **Wired:** 👍 Superior audio quality (generally). 👎 Less convenient.\r\n\r\n**Recommendation:**  If you prioritize noise cancellation and comfort with a balanced sound and long battery life, the **Sony WH-CH720N** is an excellent choice.  If sound quality is paramount and you don't need wireless features, the **Audio-Technica ATH-M50x** is a fantastic wired option. For bass-heavy music, consider the **JBL Tune 770NC**.  Ultimately, the best headphones for you will depend on your individual preferences and needs.  Research specific models within your budget and read reviews before making a decision.",
    "timestamp": "2025-04-27T20:10:39.801Z",
    "responseType": "concise"
  },
  {
    "query": "What is the distance from delhi to punjab",
    "response": "I specialize in product reviews. Ask me about gadgets, appliances, or shopping advice! 🛍️",
    "timestamp": "2025-04-27T20:13:18.287Z",
    "responseType": "concise"
  },
  {
    "query": "tell me about the hp laptops having high battery backup",
    "response": "HP offers several laptops known for long battery life, ideal for students and travelers.  They generally balance performance with portability, and come in various price ranges.  This makes them a popular choice for those needing power on the go.\r\n\r\nHere's a more detailed look at some HP laptops with impressive battery life:\r\n\r\n* **HP Spectre x360 14:**  A premium 2-in-1 ultrabook boasting excellent battery life (upwards of 12 hours in some configurations), a gorgeous display, and powerful performance. 💎\r\n    * **Pros:** Stunning design, vibrant OLED display option, long battery life, excellent performance.\r\n    * **Cons:**  Pricey, keyboard could be slightly larger.\r\n* **HP Envy x360 13:** A more budget-friendly 2-in-1 option that still delivers impressive battery life (around 10-12 hours), decent performance, and a sleek design. 💰\r\n    * **Pros:** Good value for money, decent performance, long battery life, stylus support.\r\n    * **Cons:**  Screen might not be as bright as premium models.\r\n* **HP EliteBook series:** Designed for business users, EliteBooks are known for their robust build, excellent battery life (some models offer up to 15+ hours), and security features. 💼\r\n    * **Pros:**  Durable, secure, excellent battery life, powerful performance options.\r\n    * **Cons:**  Can be expensive, design is more utilitarian.\r\n* **HP Pavilion Aero 13:** This lightweight laptop surprises with its long battery life (up to 10 hours) and surprisingly good performance for its size and price. 🪶\r\n    * **Pros:**  Lightweight, affordable, decent performance, surprisingly long battery life.\r\n    * **Cons:**  Build quality is slightly less premium than the Spectre or Envy lines.\r\n\r\n\r\n**Reliability:** HP laptops are generally reliable, though individual experiences may vary.  User reviews often highlight the battery life and performance, but some models have had reported issues with trackpads or keyboards. Always check recent reviews before purchasing.\r\n\r\n**Price:**  HP laptops range in price from budget-friendly to premium. The Spectre and EliteBook lines tend to be more expensive, while the Envy and Pavilion lines offer more affordable options.\r\n\r\n\r\n**Recommendation:** For users prioritizing portability, battery life, and a premium experience, the HP Spectre x360 14 is an excellent choice (though expensive).  For budget-conscious users, the HP Envy x360 13 or HP Pavilion Aero 13 offer a good balance of battery life, performance, and affordability.  For business users, the HP EliteBook series is a reliable and powerful option.  ✅",
    "timestamp": "2025-04-27T20:32:24.276Z",
    "responseType": "concise"
  },
  {
    "query": "hi",
    "response": "This is a general greeting.  👋 Let me know what products you'd like to discuss! I can help with reviews, comparisons, and shopping advice. 🛍️",
    "timestamp": "2025-04-27T21:49:45.571Z",
    "responseType": "concise"
  },
  {
    "query": "I want to buy near Earphones what should i go for",
    "response": "Near-ear earphones, also known as open-ear earphones, offer a unique listening experience with awareness of your surroundings.  They're great for activities like running or cycling. 🚴‍♀️  Let's explore some options to find the perfect fit for you.  What's your budget and what features are most important to you (e.g., sound quality, battery life, comfort)?  Providing more information will help me narrow down the best recommendations. 🤔",
    "timestamp": "2025-04-27T21:50:28.937Z",
    "responseType": "concise"
  },
  {
    "query": "I want good battery life",
    "response": "Open-ear earphones prioritize situational awareness and comfort.  For long battery life, consider the Shokz OpenRun Pro or the Oladance Wearable Stereo. Let's compare them:\r\n\r\n* **Shokz OpenRun Pro:**\r\n\r\n    * **Pros:** Excellent battery life (up to 10 hours), comfortable fit, IP55 water resistance, good bass response for open-ear.\r\n    * **Cons:** Bone conduction technology can cause vibrations at high volumes, slightly higher price point.\r\n    * **Price:** $$$ (Around $180)\r\n    * **Reliability:**  Shokz is a leading brand in bone conduction technology, generally reliable products.\r\n    * **User Experience:** Praised for long battery life and comfortable fit, especially for workouts.\r\n\r\n* **Oladance Wearable Stereo:**\r\n\r\n    * **Pros:** Exceptional battery life (up to 16 hours!), comfortable ear-hook design, decent sound quality.\r\n    * **Cons:**  Less secure fit than bone conduction, bulkier design.\r\n    * **Price:** $$$ (Around $150-$200)\r\n    * **Reliability:** Newer brand, reliability is still being assessed, but initial reviews are positive.\r\n    * **User Experience:** Users love the incredibly long battery life and unique design.\r\n\r\n\r\nFor maximizing battery life, the **Oladance Wearable Stereo** is the winner 🏆 with its impressive 16-hour playtime.  However, if you prefer a more secure fit and better bass response, the **Shokz OpenRun Pro** is an excellent alternative with still-impressive battery life.  Consider your priorities and budget when making your final decision. 👍",
    "timestamp": "2025-04-27T21:52:10.262Z",
    "responseType": "concise"
  },
  {
    "query": "hi",
    "response": "This is a general greeting.  👋 Let me know what products you'd like to discuss! I can help with reviews, comparisons, and shopping advice. 🛍️",
    "timestamp": "2025-04-28T04:37:09.230Z",
    "responseType": "concise"
  },
  {
    "query": "hi",
    "response": "This is a general greeting.  I can help you with any product review queries you have! Ask me about electronics, appliances, or anything you're thinking of buying. 🛍️",
    "timestamp": "2025-04-28T09:45:51.549Z",
    "responseType": "concise"
  },
  {
    "query": "What are the best options I want shoes under 5000 rupees",
    "response": "Shoes under ₹5000 offer a wide range of choices, from sporty to formal.  This price point balances quality and affordability, allowing for decent materials and construction.  I can help narrow down the best options for you if you can tell me what kind of shoes you're looking for (running, casual, formal, etc.) and any specific features you need. 👟\r\n\r\nIf you can provide more details, I can offer a more personalized recommendation! ✨",
    "timestamp": "2025-04-28T09:47:22.974Z",
    "responseType": "concise"
  },
  {
    "query": "I want sports shoes",
    "response": "Sports shoes under ₹5000 offer a good balance of performance and price.  You can find decent quality from reputable brands in this range.  Let's explore some popular options! 👟\r\n\r\nHere's a comparison of a few popular sports shoe options under ₹5000:\r\n\r\n* **Nike Revolution 6:**\r\n    * **Pros:** Comfortable for everyday use and light workouts, breathable mesh upper, affordable.\r\n    * **Cons:**  Not ideal for high-intensity training or specialized sports, durability might be a concern for some users.\r\n    * **Price:** Generally under ₹5000.\r\n    * **Reliability/User Experience:** Known for comfort and casual style, good entry-level running shoe. 👍\r\n\r\n* **Adidas Duramo 10:**\r\n    * **Pros:** Durable, supportive, suitable for road running and gym workouts.\r\n    * **Cons:**  May feel a bit stiff for some, styling can be basic.\r\n    * **Price:** Usually falls within the ₹5000 budget.\r\n    * **Reliability/User Experience:** Reliable performance for everyday training. 🏋️\r\n\r\n* **Reebok Energen Lite:**\r\n    * **Pros:** Lightweight, breathable, budget-friendly.\r\n    * **Cons:**  May lack the premium cushioning and support of higher-end models.\r\n    * **Price:** Often well below ₹5000.\r\n    * **Reliability/User Experience:** Good for light activity and casual wear.🚶\r\n\r\n* **Puma Axis v2:**\r\n    * **Pros:** Stylish design, comfortable for casual wear and light workouts, affordable.\r\n    * **Cons:**  Not designed for serious running or intense training.\r\n    * **Price:** Generally within the ₹5000 range.\r\n    * **Reliability/User Experience:** Popular for its comfort and looks. ✨\r\n\r\n* **Decathlon Kalenji Running Shoes:**\r\n    * **Pros:**  Very affordable, decent performance for beginners, various models available.\r\n    * **Cons:**  May not offer the same level of durability or advanced features as branded options.\r\n    * **Price:** Significantly under ₹5000.\r\n    * **Reliability/User Experience:** Good value for money for casual runners. 💰\r\n\r\n\r\n**Recommendation:**\r\n\r\nFor regular workouts and running, the **Adidas Duramo 10** offers a good balance of support and durability.  If comfort and style for everyday wear are priorities, the **Nike Revolution 6** or **Puma Axis v2** are solid choices.  For a budget-friendly option, consider **Decathlon Kalenji** or **Reebok Energen Lite**.  Ultimately, the best choice depends on your specific needs and preferences.  Consider visiting a store to try them on for the best fit! 👟✅",
    "timestamp": "2025-04-28T09:48:02.655Z",
    "responseType": "concise"
  },
  {
    "query": "Where should I buy sneakers",
    "response": "Buying sneakers depends on your needs and budget.  Consider online marketplaces like Amazon and Zappos for variety, or check out brand stores like Nike and Adidas for specialized selections.  For deals, look at outlets or online retailers like DSW. 👟",
    "timestamp": "2025-04-28T18:07:33.098Z",
    "responseType": "concise"
  },
  {
    "query": "how to travel from delhi to lucknow",
    "response": "I specialize in product reviews. Ask me about gadgets, appliances, or shopping advice! 🛍️",
    "timestamp": "2025-04-28T20:20:20.207Z",
    "responseType": "concise"
  },
  {
    "query": "hi",
    "response": "I specialize in product reviews. Ask me about gadgets, appliances, or shopping advice! 🛍️",
    "timestamp": "2025-04-28T20:23:51.854Z",
    "responseType": "concise"
  },
  {
    "query": "Can you tell me the best what are the best cricket bat companies right now",
    "response": "Cricket bat companies vary in quality, price, and user experience.  Top brands offer a balance of performance and durability.  This response explores leading cricket bat manufacturers, highlighting their strengths and weaknesses to help you choose the right one. 🏏\r\n\r\nHere's a comparison of some top cricket bat companies:\r\n\r\n* **SG (Sanspareils Greenlands):** \r\n    * 👍 Pros: Known for its thick edges and large sweet spot, offering powerful strokes.  Traditional and trusted brand.  Wide range of options for different skill levels.  Generally affordable.\r\n    * 👎 Cons:  Can be heavy for some players.  Quality can slightly vary across bats.\r\n* **Kookaburra:**\r\n    * 👍 Pros: Excellent balance and pickup. Durable and long-lasting.  Favored by many professional cricketers.  Good range for all budgets.\r\n    * 👎 Cons:  Premium models can be expensive.  Sweet spot might be smaller compared to SG.\r\n* **SS (Sunridges):**\r\n    * 👍 Pros: Value for money.  Offers a decent balance of power and control.  Good for intermediate players.\r\n    * 👎 Cons:  May not be as durable as SG or Kookaburra.  Less consistent quality compared to premium brands.\r\n* **GM (Gunn & Moore):** \r\n    * 👍 Pros: English willow bats known for their refined craftsmanship and performance.  Lightweight and well-balanced.\r\n    * 👎 Cons:  Very expensive.  Might not be suitable for beginners.\r\n* **MRF (Madras Rubber Factory):**\r\n    * 👍 Pros: Used by iconic players like Sachin Tendulkar.  Focuses on high-quality willow and advanced technology.\r\n    * 👎 Cons:  Among the most expensive brands.  Availability can be limited.\r\n\r\n\r\n**Reliability:** SG, Kookaburra, and GM are generally considered highly reliable. SS and MRF can also be reliable, but consistency can vary.\r\n\r\n**Price:** SS offers the most budget-friendly options, followed by SG. Kookaburra has a mid-range to premium range. GM and MRF are the most expensive.\r\n\r\n**User Experience:**  SG is known for its power, Kookaburra for its balance, and GM for its precision.  SS offers a decent all-around experience, while MRF bats are often praised for their premium feel.\r\n\r\n**Recommendation:** For beginners and intermediate players looking for value, SG or Kookaburra are excellent choices.  For advanced players seeking premium performance, GM or MRF are top contenders, but be prepared for the higher price tag. Consider your playing style, budget, and experience level when making your decision. 🏏✨",
    "timestamp": "2025-04-28T20:24:49.568Z",
    "responseType": "concise"
  },
  {
    "query": "Tell me the best cricket bat comapnies right now",
    "response": "Cricket bat companies vary in quality, price, and user experience. Top brands like SG, Kookaburra, and GM offer a balance of performance and durability. This response explores leading cricket bat manufacturers to help you choose the right one.🏏\r\n\r\nHere's a comparison of some top cricket bat companies:\r\n\r\n* **SG (Sanspareils Greenlands):** \r\n    * 👍 Pros: Known for its thick edges and large sweet spot, offering powerful strokes.  Traditional and trusted brand.  Wide range of options for different skill levels.  Generally affordable.\r\n    * 👎 Cons:  Can be heavy for some players.  Quality can slightly vary across bats.\r\n* **Kookaburra:**\r\n    * 👍 Pros: Excellent balance and pickup. Durable and long-lasting.  Favored by many professional cricketers.  Good range for all budgets.\r\n    * 👎 Cons:  Premium models can be expensive.  Sweet spot might be smaller compared to SG.\r\n* **SS (Sunridges):**\r\n    * 👍 Pros: Value for money.  Offers a decent balance of power and control.  Good for intermediate players.\r\n    * 👎 Cons:  May not be as durable as SG or Kookaburra.  Less consistent quality compared to premium brands.\r\n* **GM (Gunn & Moore):** \r\n    * 👍 Pros: English willow bats known for their refined craftsmanship and performance.  Lightweight and well-balanced.\r\n    * 👎 Cons:  Very expensive.  Might not be suitable for beginners.\r\n* **MRF (Madras Rubber Factory):**\r\n    * 👍 Pros: Used by iconic players like Sachin Tendulkar.  Focuses on high-quality willow and advanced technology.\r\n    * 👎 Cons:  Among the most expensive brands.  Availability can be limited.\r\n\r\n\r\n**Reliability:** SG, Kookaburra, and GM are generally considered highly reliable. SS and MRF can also be reliable, but consistency can vary.\r\n\r\n**Price:** SS offers the most budget-friendly options, followed by SG. Kookaburra has a mid-range to premium range. GM and MRF are the most expensive.\r\n\r\n**User Experience:**  SG is known for its power, Kookaburra for its balance, and GM for its precision.  SS offers a decent all-around experience, while MRF bats are often praised for their premium feel.\r\n\r\n**Recommendation:** For beginners and intermediate players looking for value, SG or Kookaburra are excellent choices.  For advanced players seeking premium performance, GM or MRF are top contenders, but be prepared for the higher price tag. Consider your playing style, budget, and experience level when making your decision. 🏏",
    "timestamp": "2025-04-28T20:26:21.687Z",
    "responseType": "concise"
  }
]